loss,loss_cls,loss_reg,epoch,lr,val_loss,val_loss_cls,val_loss_reg,val_AP@5s/Penalty,val_AP@5s/Kick-off,val_AP@5s/Goal,val_AP@5s/Substitution,val_AP@5s/Offside,val_AP@5s/Shots on target,val_AP@5s/Shots off target,val_AP@5s/Clearance,val_AP@5s/Ball out of play,val_AP@5s/Throw-in,val_AP@5s/Foul,val_AP@5s/Indirect free-kick,val_AP@5s/Direct free-kick,val_AP@5s/Corner,val_AP@5s/Yellow card,val_AP@5s/Red card,val_AP@5s/Yellow->red card,val_mAP@5s,val_AP@10s/Penalty,val_AP@10s/Kick-off,val_AP@10s/Goal,val_AP@10s/Substitution,val_AP@10s/Offside,val_AP@10s/Shots on target,val_AP@10s/Shots off target,val_AP@10s/Clearance,val_AP@10s/Ball out of play,val_AP@10s/Throw-in,val_AP@10s/Foul,val_AP@10s/Indirect free-kick,val_AP@10s/Direct free-kick,val_AP@10s/Corner,val_AP@10s/Yellow card,val_AP@10s/Red card,val_AP@10s/Yellow->red card,val_mAP@10s,val_AP@15s/Penalty,val_AP@15s/Kick-off,val_AP@15s/Goal,val_AP@15s/Substitution,val_AP@15s/Offside,val_AP@15s/Shots on target,val_AP@15s/Shots off target,val_AP@15s/Clearance,val_AP@15s/Ball out of play,val_AP@15s/Throw-in,val_AP@15s/Foul,val_AP@15s/Indirect free-kick,val_AP@15s/Direct free-kick,val_AP@15s/Corner,val_AP@15s/Yellow card,val_AP@15s/Red card,val_AP@15s/Yellow->red card,val_mAP@15s,val_AP@20s/Penalty,val_AP@20s/Kick-off,val_AP@20s/Goal,val_AP@20s/Substitution,val_AP@20s/Offside,val_AP@20s/Shots on target,val_AP@20s/Shots off target,val_AP@20s/Clearance,val_AP@20s/Ball out of play,val_AP@20s/Throw-in,val_AP@20s/Foul,val_AP@20s/Indirect free-kick,val_AP@20s/Direct free-kick,val_AP@20s/Corner,val_AP@20s/Yellow card,val_AP@20s/Red card,val_AP@20s/Yellow->red card,val_mAP@20s,val_AP@25s/Penalty,val_AP@25s/Kick-off,val_AP@25s/Goal,val_AP@25s/Substitution,val_AP@25s/Offside,val_AP@25s/Shots on target,val_AP@25s/Shots off target,val_AP@25s/Clearance,val_AP@25s/Ball out of play,val_AP@25s/Throw-in,val_AP@25s/Foul,val_AP@25s/Indirect free-kick,val_AP@25s/Direct free-kick,val_AP@25s/Corner,val_AP@25s/Yellow card,val_AP@25s/Red card,val_AP@25s/Yellow->red card,val_mAP@25s,val_AP@30s/Penalty,val_AP@30s/Kick-off,val_AP@30s/Goal,val_AP@30s/Substitution,val_AP@30s/Offside,val_AP@30s/Shots on target,val_AP@30s/Shots off target,val_AP@30s/Clearance,val_AP@30s/Ball out of play,val_AP@30s/Throw-in,val_AP@30s/Foul,val_AP@30s/Indirect free-kick,val_AP@30s/Direct free-kick,val_AP@30s/Corner,val_AP@30s/Yellow card,val_AP@30s/Red card,val_AP@30s/Yellow->red card,val_mAP@30s,val_AP@35s/Penalty,val_AP@35s/Kick-off,val_AP@35s/Goal,val_AP@35s/Substitution,val_AP@35s/Offside,val_AP@35s/Shots on target,val_AP@35s/Shots off target,val_AP@35s/Clearance,val_AP@35s/Ball out of play,val_AP@35s/Throw-in,val_AP@35s/Foul,val_AP@35s/Indirect free-kick,val_AP@35s/Direct free-kick,val_AP@35s/Corner,val_AP@35s/Yellow card,val_AP@35s/Red card,val_AP@35s/Yellow->red card,val_mAP@35s,val_AP@40s/Penalty,val_AP@40s/Kick-off,val_AP@40s/Goal,val_AP@40s/Substitution,val_AP@40s/Offside,val_AP@40s/Shots on target,val_AP@40s/Shots off target,val_AP@40s/Clearance,val_AP@40s/Ball out of play,val_AP@40s/Throw-in,val_AP@40s/Foul,val_AP@40s/Indirect free-kick,val_AP@40s/Direct free-kick,val_AP@40s/Corner,val_AP@40s/Yellow card,val_AP@40s/Red card,val_AP@40s/Yellow->red card,val_mAP@40s,val_AP@45s/Penalty,val_AP@45s/Kick-off,val_AP@45s/Goal,val_AP@45s/Substitution,val_AP@45s/Offside,val_AP@45s/Shots on target,val_AP@45s/Shots off target,val_AP@45s/Clearance,val_AP@45s/Ball out of play,val_AP@45s/Throw-in,val_AP@45s/Foul,val_AP@45s/Indirect free-kick,val_AP@45s/Direct free-kick,val_AP@45s/Corner,val_AP@45s/Yellow card,val_AP@45s/Red card,val_AP@45s/Yellow->red card,val_mAP@45s,val_AP@50s/Penalty,val_AP@50s/Kick-off,val_AP@50s/Goal,val_AP@50s/Substitution,val_AP@50s/Offside,val_AP@50s/Shots on target,val_AP@50s/Shots off target,val_AP@50s/Clearance,val_AP@50s/Ball out of play,val_AP@50s/Throw-in,val_AP@50s/Foul,val_AP@50s/Indirect free-kick,val_AP@50s/Direct free-kick,val_AP@50s/Corner,val_AP@50s/Yellow card,val_AP@50s/Red card,val_AP@50s/Yellow->red card,val_mAP@50s,val_AP@55s/Penalty,val_AP@55s/Kick-off,val_AP@55s/Goal,val_AP@55s/Substitution,val_AP@55s/Offside,val_AP@55s/Shots on target,val_AP@55s/Shots off target,val_AP@55s/Clearance,val_AP@55s/Ball out of play,val_AP@55s/Throw-in,val_AP@55s/Foul,val_AP@55s/Indirect free-kick,val_AP@55s/Direct free-kick,val_AP@55s/Corner,val_AP@55s/Yellow card,val_AP@55s/Red card,val_AP@55s/Yellow->red card,val_mAP@55s,val_AP@60s/Penalty,val_AP@60s/Kick-off,val_AP@60s/Goal,val_AP@60s/Substitution,val_AP@60s/Offside,val_AP@60s/Shots on target,val_AP@60s/Shots off target,val_AP@60s/Clearance,val_AP@60s/Ball out of play,val_AP@60s/Throw-in,val_AP@60s/Foul,val_AP@60s/Indirect free-kick,val_AP@60s/Direct free-kick,val_AP@60s/Corner,val_AP@60s/Yellow card,val_AP@60s/Red card,val_AP@60s/Yellow->red card,val_mAP@60s,val_avg_mAP
0.8505895113083933,0.3374923318006923,1.0261943600035193,1,0.00010000019999999998,0.7885994314086819,0.33707437354050496,0.9030501172211671,,,,,,,,,,,,,,,,,,,,,,,,,,,,,,,,,,,,,,,,,,,,,,,,,,,,,,,,,,,,,,,,,,,,,,,,,,,,,,,,,,,,,,,,,,,,,,,,,,,,,,,,,,,,,,,,,,,,,,,,,,,,,,,,,,,,,,,,,,,,,,,,,,,,,,,,,,,,,,,,,,,,,,,,,,,,,,,,,,,,,,,,,,,,,,,,,,,,,,,,,,,,,,,,,,,,,,,,,
0.36474628525065417,0.0706413139932656,0.5882099422390747,2,0.00020000009999999994,0.24052958874515792,0.025864472735368273,0.4293302316152328,,,,,,,,,,,,,,,,,,,,,,,,,,,,,,,,,,,,,,,,,,,,,,,,,,,,,,,,,,,,,,,,,,,,,,,,,,,,,,,,,,,,,,,,,,,,,,,,,,,,,,,,,,,,,,,,,,,,,,,,,,,,,,,,,,,,,,,,,,,,,,,,,,,,,,,,,,,,,,,,,,,,,,,,,,,,,,,,,,,,,,,,,,,,,,,,,,,,,,,,,,,,,,,,,,,,,,,,,
0.26378493289788,0.03364513414460325,0.46027959739406693,3,0.0003,0.21839310607982276,0.021419414146753604,0.3939473835015636,,,,,,,,,,,,,,,,,,,,,,,,,,,,,,,,,,,,,,,,,,,,,,,,,,,,,,,,,,,,,,,,,,,,,,,,,,,,,,,,,,,,,,,,,,,,,,,,,,,,,,,,,,,,,,,,,,,,,,,,,,,,,,,,,,,,,,,,,,,,,,,,,,,,,,,,,,,,,,,,,,,,,,,,,,,,,,,,,,,,,,,,,,,,,,,,,,,,,,,,,,,,,,,,,,,,,,,,,
0.2366223231513801,0.028396920535367152,0.4164508053401012,4,0.0002984732162821399,0.2103265129241867,0.019500214477265222,0.3816525963436666,,,,,,,,,,,,,,,,,,,,,,,,,,,,,,,,,,,,,,,,,,,,,,,,,,,,,,,,,,,,,,,,,,,,,,,,,,,,,,,,,,,,,,,,,,,,,,,,,,,,,,,,,,,,,,,,,,,,,,,,,,,,,,,,,,,,,,,,,,,,,,,,,,,,,,,,,,,,,,,,,,,,,,,,,,,,,,,,,,,,,,,,,,,,,,,,,,,,,,,,,,,,,,,,,,,,,,,,,
0.22135598445835022,0.02598672422931666,0.3907385204867402,5,0.0002939239460421746,0.20624708671957998,0.018797998288414337,0.37489817625581157,0.6547015858752183,0.2790130741003599,0.5329090947503875,0.624477284239258,0.42468876707921316,0.7674668040825535,0.726020601827629,0.8237749909789613,0.9691151511010854,0.9359516207713545,0.9000040440629187,0.8255854798281699,0.6380399660336671,0.8331462713144996,0.6248687590391783,0.2375563350759113,0.04130198899656534,0.6375659893621723,0.6584260506167952,0.41235105769282476,0.6655528109561296,0.70587120842927,0.6377959135424937,0.8786287883408155,0.8494468746602672,0.909644922647673,0.9836690990272476,0.9697232406673688,0.9509711608187388,0.913899584870812,0.775719320012652,0.9154718937871675,0.7387311638748417,0.24112256053161985,0.08034585905261338,0.7227865593840783,0.6673181722354995,0.4765989330396846,0.7539686291845454,0.7443538135953127,0.7340003288908347,0.9195632496767212,0.9021844964141734,0.9412997986186928,0.9885013253366353,0.9778188900260041,0.9672486052824709,0.9440088366465478,0.83964577334529,0.9455953156732253,0.792977099374875,0.24112256053161985,0.11185515904799104,0.7616506462894189,0.706965316224061,0.5224853441926327,0.8112418719129976,0.7702790679565743,0.7965582680549299,0.9438976742821072,0.9224859193046728,0.95308257825838,0.9910506858362371,0.9833273496112973,0.975880521676519,0.9602241683954098,0.870602315085077,0.9592519027884236,0.8357671661145396,0.242714026517445,0.11185515904799104,0.7857452550152527,0.7125133861099884,0.5680904161617466,0.8446720085235916,0.7808765864899914,0.8358579329041187,0.956041329133587,0.9363756445062443,0.9638277828995143,0.9925338692882466,0.9864131620253058,0.9793957018102688,0.9687540639972987,0.8880119359205247,0.9667718089292237,0.8574642378138417,0.2537376656333319,0.11185515904799104,0.8001878053644009,0.7125133861099884,0.5882190425214655,0.874498315796481,0.7846459874046561,0.8693178529546053,0.9631769841596487,0.9466084945669242,0.970239475875724,0.9932821190263876,0.9889168969153719,0.9819471078486295,0.9728916559463627,0.9051359533673313,0.9734033662586032,0.8775885318473744,0.25391285284383014,0.11185515904799104,0.8098913636759633,0.7125133861099884,0.6041546915194724,0.8919455683273085,0.7965124720720829,0.8874393052395586,0.967044486872922,0.9545313934459148,0.9733819062265088,0.9939115396557536,0.9905266808172097,0.9838591950566666,0.9768103578500202,0.9175174138032856,0.9786457662588486,0.8915078969816346,0.25391285284383014,0.23164682695642114,0.8238742200022017,0.7125133861099884,0.6103842973402616,0.9058947212986812,0.7997970200251339,0.9062247657956188,0.9714000190221341,0.959784006379381,0.9761392241810949,0.9944815561912979,0.9918723373940548,0.9857854133551847,0.9797246209208588,0.927359524690746,0.9800059620674535,0.9062130972846187,0.32691285215472465,0.24670815654098988,0.8341882918089543,0.713256017704126,0.6269478017302743,0.9118812091693957,0.8071457073217714,0.9142870122195745,0.9741404843512029,0.9636157882683309,0.9777557458611028,0.9948606182735578,0.9932219188095921,0.9873279422674734,0.9814348341652703,0.9332104436503554,0.9816425577494119,0.9150970479551059,0.34850398966071694,0.2744859363883734,0.8411067679732727,0.7376264276061577,0.6323277997710048,0.9224473511950269,0.8108278365611986,0.9181320345770594,0.9771189002699714,0.9654717605829748,0.9795853630395079,0.9950936798090577,0.9936763592681217,0.9878491022479103,0.9837138179391438,0.9393892515851201,0.9846290030101343,0.9245852824804572,0.36836295467702795,0.2744859363883734,0.8467836977063675,0.7376264276061577,0.6398979971922829,0.9298667785422232,0.8141463205024789,0.9282263138720346,0.9793782592524032,0.9680741810617728,0.9807544640206949,0.995589788409875,0.9943308900307208,0.9882918347327205,0.985015779984856,0.9461177885261369,0.9858684010456926,0.9331781587376824,0.36836295467702795,0.2744859363883734,0.8499536632107726,0.7383779498167926,0.6499434368453012,0.9346289705278714,0.816381628917828,0.9328318059806477,0.9810064354131391,0.9707027064903051,0.9828388182775392,0.9958576382533924,0.9949999840480874,0.989095187181185,0.9856120370216814,0.9520161272768926,0.9868292678351622,0.9349551102079481,0.36836295467702795,0.3736892770975828,0.8581252550510814,0.7976549595703281
0.21175640678532806,0.024515963662934064,0.37448088629772286,6,0.0002864447993031777,0.20294475059598366,0.018176095571793165,0.369537309554548,,,,,,,,,,,,,,,,,,,,,,,,,,,,,,,,,,,,,,,,,,,,,,,,,,,,,,,,,,,,,,,,,,,,,,,,,,,,,,,,,,,,,,,,,,,,,,,,,,,,,,,,,,,,,,,,,,,,,,,,,,,,,,,,,,,,,,,,,,,,,,,,,,,,,,,,,,,,,,,,,,,,,,,,,,,,,,,,,,,,,,,,,,,,,,,,,,,,,,,,,,,,,,,,,,,,,,,,,
0.20458350046948612,0.023517146562664484,0.3621327079051765,7,0.0002761880299246771,0.19881265058954414,0.017461481076595623,0.36270233919824146,,,,,,,,,,,,,,,,,,,,,,,,,,,,,,,,,,,,,,,,,,,,,,,,,,,,,,,,,,,,,,,,,,,,,,,,,,,,,,,,,,,,,,,,,,,,,,,,,,,,,,,,,,,,,,,,,,,,,,,,,,,,,,,,,,,,,,,,,,,,,,,,,,,,,,,,,,,,,,,,,,,,,,,,,,,,,,,,,,,,,,,,,,,,,,,,,,,,,,,,,,,,,,,,,,,,,,,,,
0.19940566662820294,0.02263669670289829,0.3535379398373756,8,0.0002633624361531387,0.1981452392725758,0.017271259211308697,0.36174796094779865,,,,,,,,,,,,,,,,,,,,,,,,,,,,,,,,,,,,,,,,,,,,,,,,,,,,,,,,,,,,,,,,,,,,,,,,,,,,,,,,,,,,,,,,,,,,,,,,,,,,,,,,,,,,,,,,,,,,,,,,,,,,,,,,,,,,,,,,,,,,,,,,,,,,,,,,,,,,,,,,,,,,,,,,,,,,,,,,,,,,,,,,,,,,,,,,,,,,,,,,,,,,,,,,,,,,,,,,,
0.1951955263169296,0.02206607117296112,0.34625891001885145,9,0.0002482291100917927,0.19633818494679664,0.016973426782615562,0.3587295170409399,,,,,,,,,,,,,,,,,,,,,,,,,,,,,,,,,,,,,,,,,,,,,,,,,,,,,,,,,,,,,,,,,,,,,,,,,,,,,,,,,,,,,,,,,,,,,,,,,,,,,,,,,,,,,,,,,,,,,,,,,,,,,,,,,,,,,,,,,,,,,,,,,,,,,,,,,,,,,,,,,,,,,,,,,,,,,,,,,,,,,,,,,,,,,,,,,,,,,,,,,,,,,,,,,,,,,,,,,
0.191412855687404,0.02164648680425541,0.3395327378071011,10,0.00023109612261833958,0.19523264773958943,0.016810836804056296,0.35684362151974885,0.8247060583810168,0.44667817205379334,0.6963071740871125,0.7323729806574697,0.4039365109823241,0.8065344593771947,0.7151757823874387,0.8504359307719564,0.9729421429580416,0.9459654214790127,0.9037847854459642,0.8186932473760313,0.6810815519848528,0.8748757454164189,0.6525845932448179,0.20387282139725466,0.028289283392950892,0.6798962741996266,0.8266361116123937,0.5891799031808365,0.7799848994744105,0.8004793021698493,0.6068306175338627,0.8935782629488278,0.850124406400151,0.920765105905607,0.9868772388055422,0.973274435546422,0.9505448168251798,0.9071963490272639,0.7852202932595178,0.9331735369003127,0.756208760005356,0.21452976337547425,0.07451023254543543,0.7558302373833202,0.8376030361220757,0.6439669064225976,0.833603874381545,0.8266360274999451,0.7051255881011329,0.919888217203849,0.9010238239996538,0.9487126201258673,0.9903992572880593,0.9810720342077914,0.9685943185803971,0.9394648859164105,0.8419091751791585,0.9540061119509851,0.7991410457295687,0.21619171141970406,0.08862160332500935,0.7879976610266912,0.8647867045495339,0.6655298598476648,0.8767161383079385,0.8416121462889761,0.764578827624943,0.9396245224847011,0.9254041058114719,0.9590191654207556,0.9924230201529767,0.9856317582454359,0.9788057947736419,0.9527641609784778,0.862859208581285,0.965513134747825,0.850237385127361,0.2502501646146471,0.11336089484393597,0.8111245289647983,0.8647867045495339,0.7070456573719749,0.9043533626356304,0.8470295746340715,0.8199102873959457,0.9527219536203404,0.9393660442286844,0.9667686565414415,0.9935381191141275,0.9883604176649463,0.9824831770179081,0.9619927068617216,0.8986682857756003,0.9737619292363853,0.874228967318774,0.28055630606459436,0.11336089484393597,0.8275842967573892,0.8647867045495339,0.7271819474070265,0.9181132725650336,0.8524035712790914,0.8610528818190515,0.9614999696405917,0.9447985903630354,0.9729911448763122,0.9944919291417982,0.9899081072039273,0.9852555338371758,0.9683086130657195,0.9086349552106077,0.9803692367297394,0.8993020816828103,0.28743461288710526,0.11336089484393597,0.8370525910060291,0.8733288536715698,0.7451154936416378,0.9296790395393231,0.8583841586777705,0.8844336639062282,0.9680047248849029,0.9530975218768818,0.9760193363633807,0.9950634161846388,0.9917445184497637,0.9868755704203487,0.9708218617991182,0.9156716450976727,0.9856897407979552,0.9110973672681837,0.28743461288710526,0.1279186774045229,0.8447282472277061,0.8733288536715698,0.7549304569459923,0.9331417458309126,0.8604794210355484,0.901161542831928,0.9744177755206831,0.9615794208649904,0.9778306233575176,0.9955501656096004,0.9925713504278839,0.9886333066957462,0.9736367475347247,0.9269723935076142,0.9874049759750179,0.9251346527957303,0.28929391548043304,0.1319565549492836,0.8498837590020691,0.8736058237563551,0.7680455203660084,0.9405256438052358,0.8653997366059984,0.9197801387787319,0.9785223609665348,0.9644967964792821,0.9795533144979185,0.9959672584396664,0.9932877956692288,0.9896659022490262,0.976004758478977,0.9396976606097063,0.9891448104754978,0.9344761765828196,0.28929391548043304,0.1319565549492836,0.8546720098935707,0.8736058237563551,0.7753466148072148,0.9465132359186192,0.868493816081104,0.9324301182561836,0.9808160730685174,0.9684240029236806,0.9806074329421808,0.9962438057449106,0.9939973057313978,0.9907754664287047,0.9787763136957643,0.9440505377138013,0.9902185543978135,0.941488190638875,0.2947916618954305,0.14608107693493366,0.8589800018197344,0.879234598062018,0.780554057396722,0.954832015490128,0.8736458281383737,0.9360824868141382,0.9820498983835222,0.970727320030929,0.981674319706487,0.996527521357482,0.9945261638779392,0.991324189858485,0.9804908216613004,0.9472629324032376,0.9911824561710851,0.9501932730000071,0.2947916618954305,0.14608107693493366,0.8618341541871893,0.879234598062018,0.7884113722070181,0.958020750765062,0.8747210781154324,0.9479275399384495,0.9841244856289926,0.9732659322194595,0.9825303922556383,0.99689227260615,0.9948346931064123,0.992164548503915,0.9817160182732234,0.9508842144889016,0.9921813823167369,0.9521061059302554,0.2947916618954305,0.14608107693493366,0.8641110660734135,0.8194745689617947
0.18707721257806179,0.021082253667347842,0.33198991754021145,11,0.0002123122519502829,0.1945134179262292,0.016823746086665002,0.35537934320518133,,,,,,,,,,,,,,,,,,,,,,,,,,,,,,,,,,,,,,,,,,,,,,,,,,,,,,,,,,,,,,,,,,,,,,,,,,,,,,,,,,,,,,,,,,,,,,,,,,,,,,,,,,,,,,,,,,,,,,,,,,,,,,,,,,,,,,,,,,,,,,,,,,,,,,,,,,,,,,,,,,,,,,,,,,,,,,,,,,,,,,,,,,,,,,,,,,,,,,,,,,,,,,,,,,,,,,,,,
0.18400543368801414,0.02076066634190407,0.3264895349017539,12,0.0001922598835262144,0.19473296311084062,0.016437617088320044,0.3565906917020095,,,,,,,,,,,,,,,,,,,,,,,,,,,,,,,,,,,,,,,,,,,,,,,,,,,,,,,,,,,,,,,,,,,,,,,,,,,,,,,,,,,,,,,,,,,,,,,,,,,,,,,,,,,,,,,,,,,,,,,,,,,,,,,,,,,,,,,,,,,,,,,,,,,,,,,,,,,,,,,,,,,,,,,,,,,,,,,,,,,,,,,,,,,,,,,,,,,,,,,,,,,,,,,,,,,,,,,,,
0.1821790746175516,0.020395957604006525,0.3235662341153149,13,0.00017134722574099268,0.19276593009082874,0.01628901910706294,0.35295382187141644,,,,,,,,,,,,,,,,,,,,,,,,,,,,,,,,,,,,,,,,,,,,,,,,,,,,,,,,,,,,,,,,,,,,,,,,,,,,,,,,,,,,,,,,,,,,,,,,,,,,,,,,,,,,,,,,,,,,,,,,,,,,,,,,,,,,,,,,,,,,,,,,,,,,,,,,,,,,,,,,,,,,,,,,,,,,,,,,,,,,,,,,,,,,,,,,,,,,,,,,,,,,,,,,,,,,,,,,,
0.17950437577025574,0.019950854592576686,0.31910704255386385,14,0.00015,0.19248122645018365,0.0161057398323089,0.3527509737958687,,,,,,,,,,,,,,,,,,,,,,,,,,,,,,,,,,,,,,,,,,,,,,,,,,,,,,,,,,,,,,,,,,,,,,,,,,,,,,,,,,,,,,,,,,,,,,,,,,,,,,,,,,,,,,,,,,,,,,,,,,,,,,,,,,,,,,,,,,,,,,,,,,,,,,,,,,,,,,,,,,,,,,,,,,,,,,,,,,,,,,,,,,,,,,,,,,,,,,,,,,,,,,,,,,,,,,,,,
0.1770938388063683,0.019749688443905896,0.3146883006841209,15,0.0001286527742590072,0.19151091038703494,0.016019102206679056,0.3509836164021407,0.8624728028964017,0.5545161605352011,0.8007411037505463,0.773916119930727,0.43600082949866836,0.8114435195132854,0.7311325038913835,0.8437521946499493,0.976527805237362,0.9517064454912321,0.9126303163517981,0.8202840040598938,0.7116859435516398,0.9049661970500662,0.6834873617661615,0.25843172137036996,0.0347917020553723,0.709910984211768,0.8633686984909552,0.6872602609284135,0.8643394796386383,0.8350865877107054,0.6309331424044364,0.9033787112212117,0.8578292968654061,0.9154123132915277,0.9886067081050758,0.9783149519101535,0.953453279140362,0.9053341016382841,0.8020059308995258,0.9470626370340796,0.7818404011435556,0.2638179596804727,0.08561502816155553,0.7802152640155505,0.8688457549634023,0.7305240829161506,0.894125516469372,0.8520413900305055,0.756263867464772,0.9326662165281814,0.9060812991522712,0.9416249299105037,0.992442686000814,0.9861265495868174,0.9698360018365513,0.9395893084405931,0.8534077548985266,0.9641869623239945,0.8213961859394932,0.2648338500096018,0.09121679980307817,0.8097181856632135,0.8747703872311057,0.7608877860211378,0.9206573583386826,0.8620385576672902,0.8173730485087829,0.948711685609581,0.9281548814435538,0.956760927962343,0.9940970899661892,0.9895083015862163,0.9764097407115155,0.9581712061019605,0.8760330960946625,0.9738093746021939,0.8584318205612469,0.3082102832386122,0.10706611862406135,0.8300642155452432,0.8747703872311057,0.7796232008248747,0.9334100352168511,0.8673252636779871,0.8581107396051543,0.9594096747341201,0.9426164659713613,0.9661277651477529,0.9950231193893373,0.9910020232103278,0.9815411310115394,0.9659323470359578,0.8991686669104382,0.9812045698440457,0.8773718235311669,0.3502469848653287,0.10706611862406135,0.8429382539312594,0.8774509919240909,0.8002544878172648,0.9417699922743736,0.8697376632983991,0.8859956430689344,0.9672762609310848,0.9518757465808348,0.9724468471755827,0.995622537492622,0.9926210120361674,0.9849517896636115,0.9711985360200615,0.9139866842167883,0.9857134682309194,0.8955546087238027,0.36013034220458406,0.10706611862406135,0.8513913370754814,0.878374201759188,0.8211563647745563,0.9538613339919308,0.8764779702665999,0.9052811239729142,0.973411952609947,0.9598824699352608,0.9751065932983245,0.9960589614943736,0.9933842202990668,0.986693952059408,0.9750610713265431,0.9260280752305581,0.9872619644594884,0.9138652742218643,0.36013034220458406,0.1118644867092371,0.858464726977285,0.878374201759188,0.828947090320129,0.9582029022820677,0.8809405787018889,0.914626558898604,0.9770191178655843,0.964955600554255,0.9773584955591943,0.9964714638943626,0.9940795614861493,0.9888583252515311,0.9781359114432284,0.9368023758362742,0.9891750544584887,0.9223260951119396,0.39329717357514005,0.1294186357408762,0.8652346554552296,0.878374201759188,0.8349909849065367,0.9670593183047025,0.8833833993920841,0.9276766263103404,0.9785254051877779,0.9691862039357275,0.9784988373199575,0.9966939625510172,0.9947753551434246,0.9897638591219398,0.9795257815393867,0.9480004250722569,0.9901642325656539,0.9274284705540765,0.39329717357514005,0.1294186357408762,0.8686331101752992,0.878374201759188,0.8378137677602999,0.9692588797777901,0.8859356906733682,0.9332368711178614,0.9810821840322994,0.9722442768172037,0.9796996031442511,0.9968109606605964,0.9952797235850994,0.9903455627917559,0.9818209449133875,0.9528845913743798,0.9915669660106872,0.9361163274366788,0.39343758033124177,0.13039417751133442,0.870958959393966,0.8859836555788814,0.8429715959490225,0.9716207346453665,0.8895152195870422,0.9427754547052025,0.9828602662223069,0.9752839904702242,0.9803952739067547,0.9968680620544887,0.9956993028968881,0.990860315423781,0.9831485241064293,0.9554749550865047,0.9920522225066755,0.9435436671547315,0.39343758033124177,0.13039417751133442,0.8736991175374633,0.8957155972548829,0.8480087503742104,0.9733282648543202,0.893359814684934,0.9460846799254483,0.9845120241675183,0.9776443483593553,0.9816615851323682,0.9970324198629577,0.9959811932045497,0.991247970795925,0.9844374510735001,0.961299527350576,0.9925296502432204,0.947924334415557,0.39343758033124177,0.13039417751133442,0.8761529040906999,0.8364484761727048
0.17494021478738214,0.01959158341433961,0.31069726276814125,16,0.00010774011647378551,0.19152055146484187,0.015961499893838983,0.3511181031072055,,,,,,,,,,,,,,,,,,,,,,,,,,,,,,,,,,,,,,,,,,,,,,,,,,,,,,,,,,,,,,,,,,,,,,,,,,,,,,,,,,,,,,,,,,,,,,,,,,,,,,,,,,,,,,,,,,,,,,,,,,,,,,,,,,,,,,,,,,,,,,,,,,,,,,,,,,,,,,,,,,,,,,,,,,,,,,,,,,,,,,,,,,,,,,,,,,,,,,,,,,,,,,,,,,,,,,,,,
0.1737230623338334,0.019498580941558766,0.30844896259817445,17,8.768774804971703e-05,0.19126525945510728,0.015769280871091366,0.35099195673054223,,,,,,,,,,,,,,,,,,,,,,,,,,,,,,,,,,,,,,,,,,,,,,,,,,,,,,,,,,,,,,,,,,,,,,,,,,,,,,,,,,,,,,,,,,,,,,,,,,,,,,,,,,,,,,,,,,,,,,,,,,,,,,,,,,,,,,,,,,,,,,,,,,,,,,,,,,,,,,,,,,,,,,,,,,,,,,,,,,,,,,,,,,,,,,,,,,,,,,,,,,,,,,,,,,,,,,,,,
0.1717661344939749,0.019150631602074954,0.3052310057032948,18,6.890387738166041e-05,0.1904077560531499,0.015783988338732742,0.3492475356442648,,,,,,,,,,,,,,,,,,,,,,,,,,,,,,,,,,,,,,,,,,,,,,,,,,,,,,,,,,,,,,,,,,,,,,,,,,,,,,,,,,,,,,,,,,,,,,,,,,,,,,,,,,,,,,,,,,,,,,,,,,,,,,,,,,,,,,,,,,,,,,,,,,,,,,,,,,,,,,,,,,,,,,,,,,,,,,,,,,,,,,,,,,,,,,,,,,,,,,,,,,,,,,,,,,,,,,,,,
0.17071101773925051,0.018984466566179827,0.30345310243436613,19,5.1770889908207245e-05,0.18951618851715984,0.015725066887837872,0.34758224339618804,,,,,,,,,,,,,,,,,,,,,,,,,,,,,,,,,,,,,,,,,,,,,,,,,,,,,,,,,,,,,,,,,,,,,,,,,,,,,,,,,,,,,,,,,,,,,,,,,,,,,,,,,,,,,,,,,,,,,,,,,,,,,,,,,,,,,,,,,,,,,,,,,,,,,,,,,,,,,,,,,,,,,,,,,,,,,,,,,,,,,,,,,,,,,,,,,,,,,,,,,,,,,,,,,,,,,,,,,
0.1691276174349641,0.018886196566001243,0.3004828416221307,20,3.663756384686127e-05,0.19030198433645254,0.01573931495327622,0.3491253389237826,0.9114084220269074,0.6042474870410854,0.8530812289559602,0.793360823352887,0.4462545280353907,0.8182146399138732,0.7692028688701393,0.8594615576086522,0.9773330690379733,0.9562000235359935,0.9089021234578989,0.8244999791745111,0.7355651942905775,0.9079058776466481,0.6943041827551097,0.3107939727307272,0.02880919218296185,0.7293850100363116,0.9120811023683384,0.7185319289690857,0.9021005522350842,0.8503263450586198,0.6087921615546166,0.9007522769767675,0.8765930858177526,0.9276983794173508,0.9896947400883418,0.9799019158721798,0.9547369254361016,0.9176609833558333,0.822416261855432,0.9501333224558639,0.7793765721540065,0.31534911949297717,0.07836147863417864,0.7932063030436782,0.9130701202271698,0.7697071060335141,0.9226527420509552,0.8722721266116951,0.721530761235855,0.9311725215598621,0.9223219101726308,0.9530174139340222,0.9927229596773302,0.9861496472532103,0.9708471278225872,0.9465508277833918,0.8725745953125326,0.9654442079360361,0.8224553972013045,0.31534911949297717,0.07855572924017906,0.8209643713850149,0.9130701202271698,0.7916018616116454,0.936718125488909,0.8803275133120225,0.7828001638912498,0.9509714680642869,0.9408588146028576,0.9656564582170475,0.9942590723817979,0.9890809626431754,0.9785930204659756,0.9585493278850734,0.8934854692884959,0.9737193049509116,0.8515689526362618,0.34848927938040974,0.09547694399952888,0.837954521120401,0.9130701202271698,0.8173984848118241,0.9473758797211609,0.885644388584697,0.8133163550608884,0.9586687198434873,0.9530876725205832,0.972912209630449,0.995194267247598,0.990778884212208,0.9831733183904028,0.9682095290134356,0.9156684122463576,0.9793647787486179,0.8753499036556036,0.41578636593059426,0.09547694399952888,0.8517927196379179,0.9147041078370268,0.831223934706586,0.9518059804889827,0.8900905403661579,0.8492904288334819,0.9667776883075341,0.9613581160807048,0.977638892236282,0.9958526053365233,0.992136449169088,0.9860557192136561,0.9733998191693018,0.9295012941874483,0.982989031327488,0.8925702046744526,0.4242112739242969,0.09547694399952888,0.859710766462267,0.9151009333994207,0.8466950746547557,0.9585282653118163,0.8963753793116549,0.8704241849346697,0.9704784284361558,0.9679474445581988,0.9800993685839501,0.996333642894438,0.993066969875823,0.9870544143867903,0.9774896143519118,0.9376943749918998,0.9854565376218609,0.9120382344374569,0.4242112739242969,0.09864441491663456,0.8657434445053961,0.9151009333994207,0.8574874030722337,0.9614404720399712,0.900576746252602,0.886839412154667,0.9741999130281123,0.9708166879484956,0.982649594474772,0.9966663286676933,0.9936621640542356,0.9889053424619689,0.9791186475382752,0.9491028352842932,0.9879672833136794,0.9227142645825204,0.4463061301281228,0.1158362990245223,0.8723170857309168,0.9166112400706297,0.8637749433556476,0.9632518953327871,0.9040054476447414,0.9000470854817886,0.9755255618847158,0.9739690110818451,0.9837503640206648,0.9969299847573012,0.9941685471366029,0.9897257708077518,0.9804717058791788,0.9566593721586312,0.9885856931237633,0.934643188617688,0.4463061301281228,0.1158362990245223,0.875544837676846,0.9166112400706297,0.8734286228467592,0.9679412390032933,0.9040088218856388,0.9075727122722919,0.9789979649342655,0.9769545668910204,0.9846896340434377,0.9971774104257776,0.9947712580398367,0.9908806865873956,0.9823179059185811,0.9638482100359305,0.9893061325318797,0.9420005374543408,0.4506246193489054,0.1158362990245223,0.878645168312618,0.9192495647681724,0.8761236726111301,0.9691650477653067,0.9073125990370201,0.9206415286928618,0.980793455559823,0.9793539156167164,0.985674239516257,0.997387991045013,0.995245828339332,0.9916059040963461,0.9850737370826437,0.9640747928112958,0.9906788687963477,0.9467362429649242,0.4506246193489054,0.1158362990245223,0.8809163710045069,0.9192495647681724,0.8809332522156037,0.972371704851362,0.9084111271430144,0.9275035192174013,0.9824874629708589,0.9807341399807683,0.9860836964460731,0.997583392922671,0.995616058738964,0.9922359218549701,0.9856510326225738,0.9688803508089805,0.9917379133053039,0.951711379192421,0.4506246193489054,0.1158362990245223,0.8828030256125039,0.8457486353773648
0.1687287078754587,0.018776380797200756,0.29990465448515313,21,2.3811970075322835e-05,0.18952693579406926,0.015589728630794166,0.34787441385757456,,,,,,,,,,,,,,,,,,,,,,,,,,,,,,,,,,,,,,,,,,,,,,,,,,,,,,,,,,,,,,,,,,,,,,,,,,,,,,,,,,,,,,,,,,,,,,,,,,,,,,,,,,,,,,,,,,,,,,,,,,,,,,,,,,,,,,,,,,,,,,,,,,,,,,,,,,,,,,,,,,,,,,,,,,,,,,,,,,,,,,,,,,,,,,,,,,,,,,,,,,,,,,,,,,,,,,,,,
0.16881632173181357,0.018811176499035354,0.3000102901402276,22,1.3555200696822266e-05,0.18960236658564242,0.015680444929781916,0.3478438433034352,,,,,,,,,,,,,,,,,,,,,,,,,,,,,,,,,,,,,,,,,,,,,,,,,,,,,,,,,,,,,,,,,,,,,,,,,,,,,,,,,,,,,,,,,,,,,,,,,,,,,,,,,,,,,,,,,,,,,,,,,,,,,,,,,,,,,,,,,,,,,,,,,,,,,,,,,,,,,,,,,,,,,,,,,,,,,,,,,,,,,,,,,,,,,,,,,,,,,,,,,,,,,,,,,,,,,,,,,
0.16839669398685544,0.018842931560589724,0.2991075250719905,23,6.0760539578253945e-06,0.18881903909597533,0.01550232347687607,0.34663343133928515,,,,,,,,,,,,,,,,,,,,,,,,,,,,,,,,,,,,,,,,,,,,,,,,,,,,,,,,,,,,,,,,,,,,,,,,,,,,,,,,,,,,,,,,,,,,,,,,,,,,,,,,,,,,,,,,,,,,,,,,,,,,,,,,,,,,,,,,,,,,,,,,,,,,,,,,,,,,,,,,,,,,,,,,,,,,,,,,,,,,,,,,,,,,,,,,,,,,,,,,,,,,,,,,,,,,,,,,,
0.16795075475693172,0.018756784667972808,0.2983879403047409,24,1.5267837178600972e-06,0.18888065271954518,0.015526348270071518,0.34670860886414706,,,,,,,,,,,,,,,,,,,,,,,,,,,,,,,,,,,,,,,,,,,,,,,,,,,,,,,,,,,,,,,,,,,,,,,,,,,,,,,,,,,,,,,,,,,,,,,,,,,,,,,,,,,,,,,,,,,,,,,,,,,,,,,,,,,,,,,,,,,,,,,,,,,,,,,,,,,,,,,,,,,,,,,,,,,,,,,,,,,,,,,,,,,,,,,,,,,,,,,,,,,,,,,,,,,,,,,,,
0.16700902062453343,0.018680254447942763,0.29665753221533014,25,0.0,0.18880086437238916,0.01552534116319384,0.34655104684925164,0.9083973248392763,0.6139412145860618,0.8573115200640371,0.7976404855304748,0.4530614972690758,0.8151673467553273,0.7653099600951552,0.8575283409487073,0.9777938837237397,0.9565996156096261,0.9125229392948939,0.8266418546832028,0.7396180304078219,0.9098069739958948,0.7041524820012399,0.3006301714872356,0.032492215279489756,0.7310950503865448,0.9083973248392763,0.7174974084610928,0.9009774234321993,0.8540473094387355,0.6280611946017085,0.8992997210828317,0.8704147798429491,0.9295678768084841,0.9895007133139018,0.9790294301931226,0.9543932995755124,0.9155854091188425,0.8262236980969311,0.951634693152295,0.7798493125964265,0.30472262131787153,0.0850409371778369,0.7937790090029422,0.9083973248392763,0.7621996459109928,0.9235799856227143,0.8701224550903017,0.7393633843111727,0.9330389721405279,0.917445525011626,0.9523673810347533,0.9928329639157205,0.9856251992196476,0.9696824630522034,0.9450305183246523,0.875617307324989,0.9674749478389604,0.825519145237946,0.30472262131787153,0.08860828820616007,0.8212722428470304,0.9083973248392763,0.7892109494689008,0.9384476119805552,0.8805627590816894,0.7749080474429908,0.95021630818799,0.9399709093730642,0.9638205679297056,0.994196649714592,0.9894655287429668,0.9774010630935877,0.9615083322548106,0.8967998799382663,0.975588165390441,0.8555589699865545,0.34733375380463327,0.10158539470285177,0.8379395421136986,0.9083973248392763,0.812488376917134,0.9490359126054759,0.8853995018463392,0.8165209370982862,0.9599049922956624,0.9533482113011353,0.9732369194782224,0.9953293936395298,0.9911061701588384,0.9823760021029102,0.9698861224503847,0.9170971660758164,0.9804319016209853,0.8727033627770968,0.4150029126004444,0.10158539470285177,0.8519912119123759,0.9083973248392763,0.8263234546062115,0.951655166046331,0.8908127353987751,0.8456582724992558,0.9675058248618384,0.9619577857474,0.9780516305622573,0.9959698806777411,0.9922840260485444,0.9855966988774583,0.9753391052779836,0.9260883542223423,0.9836441168457171,0.8943796129607726,0.42183419422663837,0.10158539470285177,0.8592402104941996,0.9090441381959575,0.8388197594088549,0.9581514815597014,0.896321489180802,0.8709720752978125,0.9725620083148279,0.9677184982541451,0.9804203075787061,0.996387343365619,0.9929125139288537,0.9870091775273337,0.9794147312512766,0.9320717906932751,0.9860888095945946,0.9110424425463375,0.42183419422663837,0.10158539470285177,0.8648444797427992,0.9090441381959575,0.8459878980726208,0.9636819483870234,0.8988950799463327,0.8813846018288132,0.9756037040401324,0.9709773970760036,0.983444767118387,0.996806460213147,0.9939397483260421,0.9887283069829174,0.9821417609608272,0.9437357177262733,0.9883058716926456,0.9201464202310188,0.4444671184338671,0.1296926150098443,0.8715872678965796,0.9113317775569811,0.8509719692989353,0.9680623049844641,0.9024835837563989,0.8951142974947279,0.977762597434964,0.9743071261817651,0.984740150794595,0.9970268882055642,0.9945052384072852,0.989683385782623,0.9831544298582688,0.9544182089479314,0.989299445153641,0.9335888709865952,0.4444671184338671,0.1296926150098443,0.8753300004875559,0.9113317775569811,0.8602729324773524,0.9699862663398875,0.9029927925032188,0.9046056632378923,0.9806510989854331,0.9762078684837316,0.9857595915896606,0.9971734670535106,0.9950739230654229,0.990219050191012,0.9838071777515669,0.9610022364227557,0.9904006784777017,0.9389191875817797,0.44992749617754724,0.1296926150098443,0.878119048406194,0.9152839854505039,0.8635863302823585,0.9711628911936856,0.906360350668499,0.9217567989470279,0.9833195599673203,0.9787805055089844,0.9867302611468514,0.9974292144187693,0.9955782050869537,0.9908834691429256,0.9854445851937381,0.9660426171958374,0.9924783856513919,0.9466723949545859,0.44992749617754724,0.1296926150098443,0.881242921529225,0.9152839854505039,0.8702517341923461,0.9751028103567254,0.9068330174628301,0.9342956534883413,0.984392400294805,0.9807375443790392,0.9873024077646679,0.997559965359109,0.9958072589979778,0.9912364553705331,0.9865456227734413,0.9692892534978697,0.9932811900295349,0.9514435095398106,0.44992749617754724,0.1296926150098443,0.8834695835379369,0.8458258806964235
