loss,loss_cls,loss_reg,epoch,lr,val_loss,val_loss_cls,val_loss_reg,val_AP@5s/Goal,val_AP@5s/Corner,val_AP@5s/Yellow card,val_AP@5s/Red card,val_AP@5s/Penalty,val_AP@5s/Substitution,val_AP@5s/Offside,val_AP@5s/Foul,val_AP@5s/Shots on target,val_AP@5s/Shots off target,val_mAP@5s,val_AP@10s/Goal,val_AP@10s/Corner,val_AP@10s/Yellow card,val_AP@10s/Red card,val_AP@10s/Penalty,val_AP@10s/Substitution,val_AP@10s/Offside,val_AP@10s/Foul,val_AP@10s/Shots on target,val_AP@10s/Shots off target,val_mAP@10s,val_AP@15s/Goal,val_AP@15s/Corner,val_AP@15s/Yellow card,val_AP@15s/Red card,val_AP@15s/Penalty,val_AP@15s/Substitution,val_AP@15s/Offside,val_AP@15s/Foul,val_AP@15s/Shots on target,val_AP@15s/Shots off target,val_mAP@15s,val_AP@20s/Goal,val_AP@20s/Corner,val_AP@20s/Yellow card,val_AP@20s/Red card,val_AP@20s/Penalty,val_AP@20s/Substitution,val_AP@20s/Offside,val_AP@20s/Foul,val_AP@20s/Shots on target,val_AP@20s/Shots off target,val_mAP@20s,val_AP@25s/Goal,val_AP@25s/Corner,val_AP@25s/Yellow card,val_AP@25s/Red card,val_AP@25s/Penalty,val_AP@25s/Substitution,val_AP@25s/Offside,val_AP@25s/Foul,val_AP@25s/Shots on target,val_AP@25s/Shots off target,val_mAP@25s,val_AP@30s/Goal,val_AP@30s/Corner,val_AP@30s/Yellow card,val_AP@30s/Red card,val_AP@30s/Penalty,val_AP@30s/Substitution,val_AP@30s/Offside,val_AP@30s/Foul,val_AP@30s/Shots on target,val_AP@30s/Shots off target,val_mAP@30s,val_AP@35s/Goal,val_AP@35s/Corner,val_AP@35s/Yellow card,val_AP@35s/Red card,val_AP@35s/Penalty,val_AP@35s/Substitution,val_AP@35s/Offside,val_AP@35s/Foul,val_AP@35s/Shots on target,val_AP@35s/Shots off target,val_mAP@35s,val_AP@40s/Goal,val_AP@40s/Corner,val_AP@40s/Yellow card,val_AP@40s/Red card,val_AP@40s/Penalty,val_AP@40s/Substitution,val_AP@40s/Offside,val_AP@40s/Foul,val_AP@40s/Shots on target,val_AP@40s/Shots off target,val_mAP@40s,val_AP@45s/Goal,val_AP@45s/Corner,val_AP@45s/Yellow card,val_AP@45s/Red card,val_AP@45s/Penalty,val_AP@45s/Substitution,val_AP@45s/Offside,val_AP@45s/Foul,val_AP@45s/Shots on target,val_AP@45s/Shots off target,val_mAP@45s,val_AP@50s/Goal,val_AP@50s/Corner,val_AP@50s/Yellow card,val_AP@50s/Red card,val_AP@50s/Penalty,val_AP@50s/Substitution,val_AP@50s/Offside,val_AP@50s/Foul,val_AP@50s/Shots on target,val_AP@50s/Shots off target,val_mAP@50s,val_AP@55s/Goal,val_AP@55s/Corner,val_AP@55s/Yellow card,val_AP@55s/Red card,val_AP@55s/Penalty,val_AP@55s/Substitution,val_AP@55s/Offside,val_AP@55s/Foul,val_AP@55s/Shots on target,val_AP@55s/Shots off target,val_mAP@55s,val_AP@60s/Goal,val_AP@60s/Corner,val_AP@60s/Yellow card,val_AP@60s/Red card,val_AP@60s/Penalty,val_AP@60s/Substitution,val_AP@60s/Offside,val_AP@60s/Foul,val_AP@60s/Shots on target,val_AP@60s/Shots off target,val_mAP@60s,val_avg_mAP
0.8240238162382881,0.32352483884832295,1.0009979543564516,1,0.00010000019999999998,0.8167769683001305,0.3317379202706958,0.9700780946801142,,,,,,,,,,,,,,,,,,,,,,,,,,,,,,,,,,,,,,,,,,,,,,,,,,,,,,,,,,,,,,,,,,,,,,,,,,,,,,,,,,,,,,,,,,,,,,,,,,,,,,,,,,,,,,,,,,,,,,,,,,,,,,,,,,,,,
0.2554062390782693,0.04384593327919572,0.4231206112320145,2,0.00020000009999999994,0.18913788443888635,0.016288936005580467,0.3456978961374624,,,,,,,,,,,,,,,,,,,,,,,,,,,,,,,,,,,,,,,,,,,,,,,,,,,,,,,,,,,,,,,,,,,,,,,,,,,,,,,,,,,,,,,,,,,,,,,,,,,,,,,,,,,,,,,,,,,,,,,,,,,,,,,,,,,,,
0.1545600095767111,0.021966990342064854,0.26518603819689857,3,0.0003,0.17965189236285847,0.014038691703177113,0.3312264013160484,,,,,,,,,,,,,,,,,,,,,,,,,,,,,,,,,,,,,,,,,,,,,,,,,,,,,,,,,,,,,,,,,,,,,,,,,,,,,,,,,,,,,,,,,,,,,,,,,,,,,,,,,,,,,,,,,,,,,,,,,,,,,,,,,,,,,
0.1284865460685543,0.018386639421392185,0.22019981314103373,4,0.000299665031793473,0.1792445631028282,0.013099183251806187,0.33229075921069684,,,,,,,,,,,,,,,,,,,,,,,,,,,,,,,,,,,,,,,,,,,,,,,,,,,,,,,,,,,,,,,,,,,,,,,,,,,,,,,,,,,,,,,,,,,,,,,,,,,,,,,,,,,,,,,,,,,,,,,,,,,,,,,,,,,,,
0.10846789901587581,0.01605747264460867,0.18482085282083374,5,0.000298661623223217,0.17817531213880222,0.01264642957544942,0.3310577656702533,0.8396312072481598,0.8869820441796286,0.6130194255223516,0.12271003941244352,0.7060153439000936,0.7553904784197146,0.45481813547181105,0.8905906990452244,0.7931181375701875,0.7321561347434562,0.679443164551307,0.8791931885542601,0.936798542185306,0.7335652013478602,0.12802148722288786,0.7188355228232575,0.8221745838313557,0.6221691831325177,0.9489090367429718,0.8766973125859363,0.8610062565473928,0.7527370314973746,0.9046139177701376,0.9551192589957829,0.7924981389594583,0.1920593207260215,0.7237117147611039,0.8500886036265225,0.7347573281017601,0.967714890723606,0.9175722468748724,0.9041527163513847,0.794228813689065,0.923952520032401,0.9644279183612063,0.8317980663340494,0.2313970752409421,0.7449484761161469,0.8610319822318626,0.7986075949581957,0.9779652516057471,0.9440813986701695,0.9326457754392035,0.8210856058989924,0.9341687658463762,0.9710119777441122,0.8583642268414575,0.2448654678471932,0.7449484761161469,0.8722198128390226,0.8344471185681295,0.9826263092709269,0.9576854275247015,0.9461738127209145,0.8346511395318981,0.9419629561817722,0.9770437851047085,0.8765427340960734,0.2448654678471932,0.7449484761161469,0.8799548618710937,0.8721325952783849,0.9864982618818487,0.9679414913490536,0.9552228411059964,0.844711347083227,0.9470121450043187,0.9806845349062847,0.8913960534432919,0.2510841620160059,0.7471129789257209,0.8847667740132517,0.8907269561917692,0.9877004236729761,0.9738305452383962,0.9596430547635855,0.85139576281756,0.9552325789557408,0.9831734689912359,0.9053270108580964,0.26386542666083757,0.7506790169185593,0.8876202150988526,0.9079253743726392,0.9894194617991481,0.9782061825646782,0.9640694510370835,0.8585518187256872,0.9610154413645837,0.9842723296777436,0.9139042702881355,0.32517079128484605,0.7506790169185593,0.890401525784406,0.9174203465184609,0.9908169001950888,0.9814688608599731,0.9671873338168648,0.8682336816708662,0.9656105881150943,0.9856866990684061,0.9202991391785407,0.3609909953050261,0.7665351077018241,0.8956709059938639,0.9235381618515079,0.9916350353724894,0.9838385557006948,0.9708871394515377,0.8764692327738984,0.9710154122947614,0.9869103223571045,0.927131887675916,0.3609909953050261,0.7665351077018241,0.8970483176693258,0.9292255107772602,0.9921738485673686,0.9863068431435842,0.973489038462862,0.8790827283955032,0.9730711523794042,0.9878123602757398,0.9288539858445475,0.3609909953050261,0.7665351077018241,0.8984588533872482,0.9399484207270232,0.9928792952374081,0.9881764821479564,0.9756281730183574,0.8812354826024535,0.8284854841031528
0.09863623548155709,0.014777168966256317,0.1677181327802638,6,0.000296994255755488,0.17676747852797187,0.012158699907044287,0.3292175572352265,,,,,,,,,,,,,,,,,,,,,,,,,,,,,,,,,,,,,,,,,,,,,,,,,,,,,,,,,,,,,,,,,,,,,,,,,,,,,,,,,,,,,,,,,,,,,,,,,,,,,,,,,,,,,,,,,,,,,,,,,,,,,,,,,,,,,
0.08790754290411217,0.01370203003034772,0.14841102575579998,7,0.00029467037625815644,0.18114971276704103,0.012230653047323015,0.3378381196316663,,,,,,,,,,,,,,,,,,,,,,,,,,,,,,,,,,,,,,,,,,,,,,,,,,,,,,,,,,,,,,,,,,,,,,,,,,,,,,,,,,,,,,,,,,,,,,,,,,,,,,,,,,,,,,,,,,,,,,,,,,,,,,,,,,,,,
0.08062352776712677,0.013014984029014923,0.1352170874304571,8,0.00029170036374118777,0.1772597361873053,0.01244128819553387,0.32963689603574337,,,,,,,,,,,,,,,,,,,,,,,,,,,,,,,,,,,,,,,,,,,,,,,,,,,,,,,,,,,,,,,,,,,,,,,,,,,,,,,,,,,,,,,,,,,,,,,,,,,,,,,,,,,,,,,,,,,,,,,,,,,,,,,,,,,,,
0.07521639397955633,0.012411863125128425,0.1256090619062587,9,0.00028809748300146425,0.18062486150881998,0.012194582058557597,0.33686055917809865,,,,,,,,,,,,,,,,,,,,,,,,,,,,,,,,,,,,,,,,,,,,,,,,,,,,,,,,,,,,,,,,,,,,,,,,,,,,,,,,,,,,,,,,,,,,,,,,,,,,,,,,,,,,,,,,,,,,,,,,,,,,,,,,,,,,,
0.07069010093208246,0.012024419037586595,0.11733136386067435,10,0.0002838778253789821,0.1848193360691446,0.012403799934325959,0.3448310717144895,0.9198240320455637,0.9185058528498149,0.67888787291617,0.09958844670800471,0.8243891291057128,0.7758000464397932,0.46082289721041714,0.91122479541154,0.7954633956048267,0.7636855103530459,0.7148191978644889,0.9440374199711146,0.9549498977653403,0.7833424032018232,0.10270025802056304,0.841597242170435,0.8387676345317399,0.6355530543642742,0.9542276789581994,0.8803902289315797,0.8775625005946903,0.781312831850976,0.9595000424485125,0.9656373351245069,0.8379673943822414,0.15458145146756186,0.8553417321655203,0.8737663807704519,0.7348891206067869,0.9709031812865199,0.9183566734536033,0.9162801135844365,0.8187223425290142,0.9691310683399479,0.970284020528803,0.862692107524702,0.1598003180824663,0.8658702972893337,0.8819980187041647,0.7948910727700988,0.9788206440971123,0.9418845123896613,0.9352960848679732,0.8360668144594264,0.9721081504808318,0.9757058200671409,0.881242380221261,0.1668552506505665,0.8673388293630584,0.8921547311972509,0.8324765935401257,0.9833749491503525,0.9583470394448206,0.9447554541544445,0.8474359198269852,0.9750585177338387,0.9800049422568478,0.8939316171053271,0.1668552506505665,0.8673388293630584,0.8988969026479205,0.8499145307732783,0.9860935855071098,0.9660176676243921,0.9528829426103762,0.8536994786272715,0.9767717923633121,0.9819015590250508,0.9120483368849737,0.1668552506505665,0.8673388293630584,0.9057947946925973,0.8762631183461567,0.9876352029871533,0.972922183382888,0.9575502014227979,0.8605081269118555,0.9767717923633121,0.9848049656798068,0.9163660613917077,0.16937071065023335,0.8673388293630584,0.9078668194498523,0.9086914347797581,0.9894101148659864,0.9756750540385397,0.9630973294433574,0.8659393112025612,0.9798549436754733,0.9859743031146877,0.9221859010354878,0.1875418328135432,0.8782833156773666,0.9114325566272417,0.9164173024360629,0.9905955163150075,0.9790161123896048,0.9697430295876579,0.8721044813672133,0.9809405597667649,0.9872144004337002,0.9369051961328383,0.1875418328135432,0.8906500204552597,0.9141599660343633,0.9257596361183928,0.9912361918947958,0.9813537090401923,0.9757790894112013,0.8771540602101051,0.9812303395130648,0.9888182256359777,0.9407763336629005,0.29011831028684765,0.8938444610916303,0.9150508481782698,0.9349256803825021,0.9921387535718722,0.9830884975450971,0.9772661121783628,0.8897257562046524,0.9832203257475705,0.9897039787634263,0.9445092262569164,0.29011831028684765,0.8938444610916303,0.9153345819108196,0.9440666470374328,0.9928012719917909,0.9856680346356015,0.9794878206789157,0.8918754658400951,0.8424469822412203
0.06592690433298892,0.011473249502881453,0.10890730971535541,11,0.00027906023688902085,0.1853123769508774,0.012301797654191397,0.34602115822299734,,,,,,,,,,,,,,,,,,,,,,,,,,,,,,,,,,,,,,,,,,,,,,,,,,,,,,,,,,,,,,,,,,,,,,,,,,,,,,,,,,,,,,,,,,,,,,,,,,,,,,,,,,,,,,,,,,,,,,,,,,,,,,,,,,,,,
0.06289811424090531,0.011262729919205109,0.10327076873217658,12,0.000273666234051264,0.18777266202090157,0.012491072504449755,0.35056317874041526,,,,,,,,,,,,,,,,,,,,,,,,,,,,,,,,,,,,,,,,,,,,,,,,,,,,,,,,,,,,,,,,,,,,,,,,,,,,,,,,,,,,,,,,,,,,,,,,,,,,,,,,,,,,,,,,,,,,,,,,,,,,,,,,,,,,,
0.05922741847760124,0.01078646722684745,0.09688190247945139,13,0.00026771990779179906,0.18677652124779504,0.012640459918718639,0.3482721228271829,,,,,,,,,,,,,,,,,,,,,,,,,,,,,,,,,,,,,,,,,,,,,,,,,,,,,,,,,,,,,,,,,,,,,,,,,,,,,,,,,,,,,,,,,,,,,,,,,,,,,,,,,,,,,,,,,,,,,,,,,,,,,,,,,,,,,
0.05698598280235852,0.010551957662513423,0.0928680501997365,14,0.00026124781584719356,0.18873281855122898,0.012689672515303348,0.3520862924140543,,,,,,,,,,,,,,,,,,,,,,,,,,,,,,,,,,,,,,,,,,,,,,,,,,,,,,,,,,,,,,,,,,,,,,,,,,,,,,,,,,,,,,,,,,,,,,,,,,,,,,,,,,,,,,,,,,,,,,,,,,,,,,,,,,,,,
0.05398837005848571,0.010224625756914461,0.08752748864229223,15,0.00025427886415119627,0.1886287393061663,0.013014588611087764,0.3512283008598666,0.8961216081072867,0.9197904228063205,0.6811343552996186,0.09774471179136845,0.7100440894544433,0.7821277048187864,0.4854057326151754,0.9099224101921921,0.7943363202070008,0.7677839249276973,0.704441128021989,0.924181841704149,0.953871363978668,0.7850898292874156,0.10704027835935181,0.7128610958194797,0.8590324494053876,0.6454145866726294,0.9542113898748248,0.882404332969335,0.8807470058197158,0.7704854173890956,0.9478115424249722,0.967623928143098,0.8324710509927997,0.2056109667717574,0.7196750890609374,0.8898316935214616,0.7479199312734366,0.9703223657809534,0.9211299936203439,0.912849078892453,0.8115245640482213,0.9559188705137771,0.9733691595734619,0.8504088066055009,0.21269394891148796,0.752367825535365,0.902379772670769,0.810433341376948,0.9783666577909749,0.9443435255173558,0.9396439127007685,0.8319925821196408,0.9620161661629236,0.9774577330075793,0.8753689176102046,0.23462013193401798,0.7553420937608442,0.9130805418338257,0.8492930092550321,0.9827860148762184,0.9615343556968625,0.9474626539903621,0.8458961618127872,0.9681943083365994,0.9811787526262457,0.8870806914951821,0.23462013193401798,0.7615801242178639,0.9206770773103496,0.8724036604795078,0.9854907202925745,0.9706189580251667,0.9566192719530662,0.8538463696670574,0.9721981170796354,0.9841507456457208,0.899431316779804,0.2551076194536166,0.7615801242178639,0.924552592824714,0.8924843142807664,0.9876727130441836,0.9750392611820367,0.9625802749820842,0.8614797079490426,0.974183773745775,0.9865077425166611,0.9112307229998482,0.2647853989524911,0.776066858678238,0.9275098471084373,0.9102413001834915,0.9892279745631889,0.978780950774329,0.9683746395681894,0.8686909209090651,0.975525403703724,0.9880968733313082,0.924611181654555,0.2647853989524911,0.776066858678238,0.9290034280507724,0.9173541298355605,0.9901800336938997,0.9821259536003879,0.9721781652994022,0.8719927426800339,0.9779672846357741,0.9897961464363938,0.9354746153376237,0.2647853989524911,0.8101695861906464,0.930492061879618,0.9256961564765964,0.9911328366361509,0.9842887076820084,0.974760418842509,0.8784563213069813,0.9786887360045071,0.9902486531652883,0.9402727738065266,0.38223559255066974,0.8168957022485497,0.9350206496979103,0.9363916490957696,0.9917690666924237,0.9848154905124602,0.9769110606263212,0.8933249374400425,0.9803580078976317,0.9906681943254085,0.9437855309229697,0.46147907328337445,0.8168957022485497,0.9362467061651207,0.9431415816629105,0.9921692095199113,0.9860589470514398,0.9791127693229491,0.9029915722400265,0.8412602021319985
0.05162936378250537,0.00987881901489252,0.08350108950655266,16,0.00024684417773382025,0.18891896026414484,0.012541176122364677,0.3527555680465868,,,,,,,,,,,,,,,,,,,,,,,,,,,,,,,,,,,,,,,,,,,,,,,,,,,,,,,,,,,,,,,,,,,,,,,,,,,,,,,,,,,,,,,,,,,,,,,,,,,,,,,,,,,,,,,,,,,,,,,,,,,,,,,,,,,,,
0.050776818205859976,0.009882198777071836,0.08178923889452039,17,0.0002389769617094032,0.1882704491180192,0.013188342446978352,0.35016421312830837,,,,,,,,,,,,,,,,,,,,,,,,,,,,,,,,,,,,,,,,,,,,,,,,,,,,,,,,,,,,,,,,,,,,,,,,,,,,,,,,,,,,,,,,,,,,,,,,,,,,,,,,,,,,,,,,,,,,,,,,,,,,,,,,,,,,,
0.04808285049410386,0.009619204112416263,0.07692729272367405,18,0.00023071235297450585,0.1890448292922825,0.013174503193621349,0.3517406530002152,,,,,,,,,,,,,,,,,,,,,,,,,,,,,,,,,,,,,,,,,,,,,,,,,,,,,,,,,,,,,,,,,,,,,,,,,,,,,,,,,,,,,,,,,,,,,,,,,,,,,,,,,,,,,,,,,,,,,,,,,,,,,,,,,,,,,
0.04570888362211755,0.009285823357676951,0.07284612056196547,19,0.00022208726327800252,0.1939789783342135,0.012993349613343428,0.3619712574069398,,,,,,,,,,,,,,,,,,,,,,,,,,,,,,,,,,,,,,,,,,,,,,,,,,,,,,,,,,,,,,,,,,,,,,,,,,,,,,,,,,,,,,,,,,,,,,,,,,,,,,,,,,,,,,,,,,,,,,,,,,,,,,,,,,,,,
0.04497101778454545,0.009251147056745047,0.07143974137509572,20,0.0002131402143642502,0.18873140970543292,0.013143795532890301,0.3511752285779159,0.9236502777759359,0.9268850538190012,0.697797570049016,0.06986464303602624,0.6504217084756472,0.790580849536358,0.48177001858151103,0.91174584834391,0.8018551913446665,0.8134546987229485,0.7068025859685021,0.9450120073857091,0.954582445989189,0.7826030739083842,0.07906547402592112,0.6527528511766385,0.8630206507421834,0.6453385192430308,0.959580358716023,0.8823117974962322,0.8933853587804217,0.7657652537463734,0.9652468630433724,0.9688290577681098,0.828005268454354,0.20697543615576464,0.6625935354500623,0.88974268866943,0.7446477182122737,0.9703252222927432,0.9254868221191277,0.9259897228203009,0.8087842334985538,0.9708651083759943,0.9758621833483154,0.8631377824622,0.20839720887427193,0.717534171220346,0.9035458578511415,0.8118375785234324,0.9782586498946628,0.9492891645395254,0.9428827386177385,0.8321610443707629,0.9762847099974934,0.9811604617666969,0.8907574984448452,0.231034385206087,0.7184077795306996,0.9084886435100312,0.8364778730411397,0.9833109628792158,0.9631363970955675,0.9539982767907595,0.8443056988262535,0.9805517495927845,0.9849379284750412,0.8964964278844434,0.231034385206087,0.7250782406944571,0.9173850845377451,0.8802573997926224,0.986260798774147,0.9709159321675802,0.9613278010140238,0.8534245748138932,0.9817895461702513,0.9873875388984992,0.92695232902323,0.23166095206022752,0.7454559598186199,0.9195275782006007,0.8880661672827781,0.9884545248515018,0.9746327870028733,0.9679048359491293,0.861183221925771,0.9823421504172458,0.9892773293799912,0.9325089611684181,0.24955469174952105,0.761272348077978,0.9227156882477079,0.9034910587926044,0.9895280400903097,0.9772148388138238,0.9707632813201865,0.8678668388057786,0.9842468426771589,0.9903414328496112,0.9370879882518626,0.24955469174952105,0.7838498583748246,0.9247234774607112,0.9165859108072727,0.9905463899905023,0.9806728875970236,0.9732036849746244,0.8730813164733112,0.9855511043398799,0.9918133238773663,0.93969501784653,0.26349996413291965,0.7914524502303335,0.9255556039298245,0.9271280183067869,0.9913301927321108,0.9828767360426767,0.9747479247233031,0.8773650336161731,0.9855511043398799,0.9925558624617885,0.9474748310307639,0.3398027017406213,0.8003928969425358,0.9304168128995185,0.9336310520482503,0.9920066335422959,0.9841891692072124,0.9765713493332129,0.888259241354608,0.9885476243880511,0.9931876611993395,0.949156215948415,0.36423791307824116,0.8424502868453896,0.9318256947444032,0.9397371798497591,0.9926965531660485,0.9857575098338778,0.9793792438723337,0.8966975882925858,0.8396413859743804
0.04245496244605933,0.008968429004441551,0.0669730669130114,21,0.00020391116592562684,0.1931486624753719,0.013144180349743797,0.3600089651171211,,,,,,,,,,,,,,,,,,,,,,,,,,,,,,,,,,,,,,,,,,,,,,,,,,,,,,,,,,,,,,,,,,,,,,,,,,,,,,,,,,,,,,,,,,,,,,,,,,,,,,,,,,,,,,,,,,,,,,,,,,,,,,,,,,,,,
0.04147711928984588,0.008820220190632477,0.06531379818905293,22,0.00019444133713284506,0.19009589975587096,0.013196470630620325,0.353798858463446,,,,,,,,,,,,,,,,,,,,,,,,,,,,,,,,,,,,,,,,,,,,,,,,,,,,,,,,,,,,,,,,,,,,,,,,,,,,,,,,,,,,,,,,,,,,,,,,,,,,,,,,,,,,,,,,,,,,,,,,,,,,,,,,,,,,,
0.040878253317862094,0.008715570019585643,0.06432536660151555,23,0.0001847730225401292,0.19415205076761094,0.013285829295367799,0.3617324423959671,,,,,,,,,,,,,,,,,,,,,,,,,,,,,,,,,,,,,,,,,,,,,,,,,,,,,,,,,,,,,,,,,,,,,,,,,,,,,,,,,,,,,,,,,,,,,,,,,,,,,,,,,,,,,,,,,,,,,,,,,,,,,,,,,,,,,
0.03934703198029418,0.008605435677258714,0.06148319257574367,24,0.00017494940318746942,0.1937896096581772,0.013574340717131239,0.3604305385217548,,,,,,,,,,,,,,,,,,,,,,,,,,,,,,,,,,,,,,,,,,,,,,,,,,,,,,,,,,,,,,,,,,,,,,,,,,,,,,,,,,,,,,,,,,,,,,,,,,,,,,,,,,,,,,,,,,,,,,,,,,,,,,,,,,,,,
0.03745178043425454,0.008377783684486766,0.05814799351276926,25,0.0001650143537436147,0.19189090581339024,0.013263194020124968,0.35725542298415375,0.9202248653455691,0.9240937044290294,0.6995186599781693,0.07844740617857604,0.7056943403808222,0.7904094143291654,0.5244154017799595,0.9169218634773164,0.8110128025614827,0.8136135064497029,0.7184351964909792,0.9447533467862472,0.9518653411956866,0.7728088111687637,0.07844740617857604,0.7056943403808222,0.853651258405431,0.6745186219843927,0.9604423742319241,0.8970007131998479,0.9020399706727265,0.7741222184204417,0.9634449616271947,0.9649643212868817,0.8180015548836126,0.1247113654264973,0.7200950470255787,0.886430652203571,0.782713206002037,0.9728956922335108,0.9312350315526619,0.931573643291566,0.8096065475533113,0.9712220022446569,0.9740776163416314,0.8580429525741486,0.13786945461521904,0.7656667977302458,0.8970701413763402,0.8415634383703348,0.9786750562216255,0.9500944832649569,0.947603807941773,0.8321885750680933,0.9736018826836279,0.9777660349695232,0.8779579466273706,0.1563533820878198,0.7747175703286668,0.910094719417927,0.8670971657683428,0.982514200361555,0.9615577284970378,0.9579990495108852,0.8439659680252756,0.9796502935602334,0.983892299381175,0.8871065565768346,0.1563533820878198,0.7804629922659085,0.9148436710888603,0.9017929932889492,0.9854657967929938,0.9687006919635479,0.9650052001912321,0.8523273877197555,0.9835641001652853,0.985827469761702,0.9082772261496217,0.1563533820878198,0.7804629922659085,0.918883602402861,0.9206729220086274,0.9875297815766118,0.9743266076138717,0.9691123577045992,0.8585010441736909,0.9843949466499424,0.9877037247088403,0.9216023968688187,0.1563533820878198,0.7851607659759434,0.9200307280296744,0.9328545590290478,0.9891217111677406,0.9780195050100211,0.972339090556698,0.8627580810084547,0.9844575661906383,0.9892618531829953,0.9286320755717199,0.1563533820878198,0.8203677360947115,0.9220247912370247,0.9356946831100199,0.9901302421820866,0.9813058263640784,0.9742253629862709,0.8682453519007366,0.9858557182771932,0.9895966275924408,0.9343474886873633,0.1563533820878198,0.848748882985424,0.926052948084692,0.9424168841868656,0.9908054131922484,0.9836735466085855,0.9771754612961949,0.8735026352998828,0.9868111354183888,0.9904401297124714,0.938150070590094,0.2567681661008199,0.848748882985424,0.9285577234721698,0.9479373195654119,0.9914926514488585,0.9850842092264713,0.9783558909679719,0.8852346179488082,0.9868694032672529,0.9926199339346198,0.9441481381912169,0.2567681661008199,0.8764695567163656,0.9328014501442761,0.9539108054578573,0.9918319756126444,0.9864988647607227,0.980760717188538,0.8902679011374314,0.8390962937289052
0.03691027282702457,0.00820946485857888,0.057401615904634204,26,0.0001550122465511511,0.1951624429635571,0.013913219691472944,0.36249844660962605,,,,,,,,,,,,,,,,,,,,,,,,,,,,,,,,,,,,,,,,,,,,,,,,,,,,,,,,,,,,,,,,,,,,,,,,,,,,,,,,,,,,,,,,,,,,,,,,,,,,,,,,,,,,,,,,,,,,,,,,,,,,,,,,,,,,,
0.036052445078774836,0.00810787020305744,0.055889149796925684,27,0.00014498775344884876,0.19370026431076254,0.013746516116616378,0.35990749696581176,,,,,,,,,,,,,,,,,,,,,,,,,,,,,,,,,,,,,,,,,,,,,,,,,,,,,,,,,,,,,,,,,,,,,,,,,,,,,,,,,,,,,,,,,,,,,,,,,,,,,,,,,,,,,,,,,,,,,,,,,,,,,,,,,,,,,
0.034850230127299514,0.007985317476905437,0.05372982535537723,28,0.00013498564625638517,0.1963694829334674,0.01367164393878638,0.3653956782404214,,,,,,,,,,,,,,,,,,,,,,,,,,,,,,,,,,,,,,,,,,,,,,,,,,,,,,,,,,,,,,,,,,,,,,,,,,,,,,,,,,,,,,,,,,,,,,,,,,,,,,,,,,,,,,,,,,,,,,,,,,,,,,,,,,,,,
0.03385573077302861,0.007859654733282555,0.051992152122225965,29,0.00012505059681253042,0.19432131963984187,0.013695971510419456,0.36125069675019206,,,,,,,,,,,,,,,,,,,,,,,,,,,,,,,,,,,,,,,,,,,,,,,,,,,,,,,,,,,,,,,,,,,,,,,,,,,,,,,,,,,,,,,,,,,,,,,,,,,,,,,,,,,,,,,,,,,,,,,,,,,,,,,,,,,,,
0.0331819999506482,0.007782137658708393,0.050799724530117656,30,0.00011522697745987072,0.19455012527967264,0.013989423258723923,0.3611214037891809,0.9149748634235735,0.928852588174417,0.7015780555766225,0.05411722996757762,0.6724312795745506,0.7924872910827471,0.5391881271859964,0.9157609895324668,0.8113097378718956,0.81286733367783,0.7143567496067676,0.9443281162568118,0.9560037909928853,0.783356952716304,0.05411722996757762,0.6797223412364379,0.8745038726771881,0.6691732665313235,0.9579653524836598,0.8975228757597336,0.8934262524339402,0.7710120051055862,0.959685506018543,0.9694317038029521,0.8315270804733195,0.12172729501360358,0.6989123613269559,0.8992525840940822,0.7702314643938895,0.9721800789412818,0.9257957748792851,0.9269630553662473,0.8075706904310159,0.965994102947608,0.9757637031807267,0.8578889477453799,0.1257060747457569,0.740761747726999,0.907897296284899,0.8289992479158617,0.979985316479663,0.9420260203432473,0.9414256466086925,0.8266448103978835,0.9691250746573097,0.9807842614455211,0.8787278842347703,0.1467614302641339,0.7464430629755738,0.9169238999851324,0.8576018692660048,0.9834760670805167,0.9557526156281622,0.954465351031077,0.8390061516568202,0.9759479888816429,0.984998733220614,0.8855277177850134,0.17906896252606286,0.7464430629755738,0.9241225491845046,0.8789528984545245,0.9859698085196058,0.9644002698690475,0.9598489323331556,0.8485280923749745,0.9771234685943888,0.9888535224543418,0.9114459270967235,0.17906896252606286,0.7506377563861881,0.9279660245884553,0.9015403685720766,0.9871644101362058,0.9728381759023801,0.9657597022800992,0.8562398318536921,0.9790697737154268,0.9898079948176672,0.9206155469292963,0.18096016334551113,0.7780118769805866,0.9301435143857493,0.9095984890865623,0.98874450235488,0.9758646979294756,0.9689128532674189,0.8621729412812573,0.9819260813045112,0.9911733963567677,0.9251404004855655,0.18096016334551113,0.778415122049068,0.9328479587914025,0.9190140492299275,0.9903723797891502,0.9781337225226849,0.9734704786664317,0.865145375254102,0.9847499559392183,0.9918388615440641,0.9325762375990863,0.18096016334551113,0.788981114736607,0.937065950393082,0.9254004621647542,0.9911485699589164,0.9804727914563571,0.9763554869765194,0.8689549594114115,0.9866509071618133,0.9925463506933738,0.9400409500599203,0.3168558937040098,0.8126540727807541,0.9405328571483942,0.9324990435080025,0.9916366078607233,0.982047460865644,0.9784554106443153,0.8873919554426951,0.9871944067225478,0.9929722785466453,0.9470343593750243,0.3168558937040098,0.8211829343844084,0.9420311077405117,0.9441142243868139,0.9922340239904486,0.9833003040467538,0.9794117581369548,0.8906331291034117,0.8364713909933014
0.03195726248678846,0.007593317658465649,0.048727889689729895,31,0.00010555866286715486,0.1946323595185403,0.013832185078524982,0.36160034909711825,,,,,,,,,,,,,,,,,,,,,,,,,,,,,,,,,,,,,,,,,,,,,,,,,,,,,,,,,,,,,,,,,,,,,,,,,,,,,,,,,,,,,,,,,,,,,,,,,,,,,,,,,,,,,,,,,,,,,,,,,,,,,,,,,,,,,
0.031310318526412126,0.007551624587708902,0.047517387863621335,32,9.608883407437301e-05,0.19634259948208663,0.014338464366795754,0.3640082698063494,,,,,,,,,,,,,,,,,,,,,,,,,,,,,,,,,,,,,,,,,,,,,,,,,,,,,,,,,,,,,,,,,,,,,,,,,,,,,,,,,,,,,,,,,,,,,,,,,,,,,,,,,,,,,,,,,,,,,,,,,,,,,,,,,,,,,
0.030666202321635364,0.007404509583039264,0.0465233854882203,33,8.685978563574972e-05,0.1967252152126773,0.014348793367596735,0.3647528444532822,,,,,,,,,,,,,,,,,,,,,,,,,,,,,,,,,,,,,,,,,,,,,,,,,,,,,,,,,,,,,,,,,,,,,,,,,,,,,,,,,,,,,,,,,,,,,,,,,,,,,,,,,,,,,,,,,,,,,,,,,,,,,,,,,,,,,
0.030358560854770893,0.0072800677137084355,0.04615698631824192,34,7.79127367219974e-05,0.1955288488789067,0.01449153525920525,0.3620746264903677,,,,,,,,,,,,,,,,,,,,,,,,,,,,,,,,,,,,,,,,,,,,,,,,,,,,,,,,,,,,,,,,,,,,,,,,,,,,,,,,,,,,,,,,,,,,,,,,,,,,,,,,,,,,,,,,,,,,,,,,,,,,,,,,,,,,,
0.028989062126220825,0.007219962912179913,0.04353819842311918,35,6.928764702549407e-05,0.1974287149280946,0.014640758357183125,0.36557591186829735,0.915437826720165,0.9322017477145743,0.6945918857340994,0.04679082026450432,0.7101243950154583,0.7938033122742638,0.548987664096553,0.9165948896931828,0.8081223218435376,0.8162790602661532,0.7182933923622492,0.9440345942398842,0.9599141555654809,0.7835738214940147,0.04868431127766726,0.7119368760822125,0.8646451651680609,0.6904826529466432,0.9590230186783018,0.8911546048695023,0.8995524593814048,0.7753001659703173,0.9577689635916844,0.9695648343957188,0.846694344396921,0.13177013702893525,0.7280620816288466,0.8929040227244442,0.7764522055340324,0.9726996901530729,0.928167145115049,0.9332863006222443,0.8137369725190948,0.9663140637546768,0.9760181262751892,0.8677451039326671,0.1384473277623337,0.7591131283426619,0.9046581621907848,0.8178781725105955,0.9808028894439076,0.9490500322783344,0.9471624655825241,0.8307189472073675,0.9692683359009227,0.9812606673609441,0.8845672804780564,0.15659309067026905,0.7591131283426619,0.9127921240885488,0.8633417039159061,0.984610834288052,0.9591021112506173,0.958348900607092,0.842899817690307,0.9709785647075027,0.9856999401005666,0.8951642057549103,0.19486350549657327,0.7593279593138752,0.9191680782310154,0.8837799833502249,0.9877307380095068,0.9689976774925366,0.964963995922723,0.8530674648379435,0.9738772446924209,0.9878674820349609,0.9218841318758031,0.19486350549657327,0.7593279593138752,0.9234024753588965,0.8975965385414604,0.9894541401777914,0.9757679131811319,0.9691940250564173,0.8593235415729332,0.9751776750819126,0.9894582306379078,0.9296386005722184,0.19732399425619018,0.7711009169283017,0.9272115818851407,0.9115676402393307,0.9908766608897572,0.9799290357781594,0.9737204150414023,0.8646004751310322,0.9774649106143976,0.9908068751268715,0.9393431203246934,0.19732399425619018,0.7777025236156917,0.9293454987345866,0.9242334869678785,0.9918347962430438,0.982418073619332,0.9752526065793319,0.8685725886082019,0.980210186407998,0.9918522459393664,0.9429222025590533,0.2015389570926276,0.8191764677108488,0.9345981853080252,0.9285145233933552,0.9925255869422394,0.9855038081013312,0.9781530615674434,0.8754995225022288,0.9834214431631665,0.9924919267660002,0.9497418231165682,0.2918517773726039,0.8514141288307204,0.9378166711853497,0.9340599591921954,0.9929354015264273,0.9872704060483919,0.9799821879364607,0.8900985725137884,0.984610270785442,0.9933712553951537,0.9517932023064439,0.31554892916652033,0.8600700347494961,0.9386069209009476,0.9406734425503327,0.9937163644051701,0.9877837360089785,0.9821909075913133,0.8948365063859798,0.8405789972751202
0.02862131846776423,0.0070636998635952184,0.043115237203926786,36,6.102303829059669e-05,0.19755352071065496,0.014755061849557341,0.36559691722919085,,,,,,,,,,,,,,,,,,,,,,,,,,,,,,,,,,,,,,,,,,,,,,,,,,,,,,,,,,,,,,,,,,,,,,,,,,,,,,,,,,,,,,,,,,,,,,,,,,,,,,,,,,,,,,,,,,,,,,,,,,,,,,,,,,,,,
0.027986633977888604,0.007100587631335902,0.041772092662226736,37,5.3155822266179606e-05,0.19871699716564387,0.014484457853101061,0.3684650782853683,,,,,,,,,,,,,,,,,,,,,,,,,,,,,,,,,,,,,,,,,,,,,,,,,,,,,,,,,,,,,,,,,,,,,,,,,,,,,,,,,,,,,,,,,,,,,,,,,,,,,,,,,,,,,,,,,,,,,,,,,,,,,,,,,,,,,
0.027579475174365205,0.007014098352917496,0.04113075365861045,38,4.572113584880363e-05,0.19862040594299704,0.014876658767644064,0.36748749443273526,,,,,,,,,,,,,,,,,,,,,,,,,,,,,,,,,,,,,,,,,,,,,,,,,,,,,,,,,,,,,,,,,,,,,,,,,,,,,,,,,,,,,,,,,,,,,,,,,,,,,,,,,,,,,,,,,,,,,,,,,,,,,,,,,,,,,
0.026945939044373816,0.006932907522743697,0.040026063079101545,39,3.8752184152806344e-05,0.19704599730219705,0.014669083583738748,0.36475382788352056,,,,,,,,,,,,,,,,,,,,,,,,,,,,,,,,,,,,,,,,,,,,,,,,,,,,,,,,,,,,,,,,,,,,,,,,,,,,,,,,,,,,,,,,,,,,,,,,,,,,,,,,,,,,,,,,,,,,,,,,,,,,,,,,,,,,,
0.02663174567715463,0.006814066080658825,0.03963535916735129,40,3.2280092208200835e-05,0.196794169938384,0.01488405812715654,0.3638202233697384,0.9158951304340928,0.9315747252185205,0.6913887022330085,0.043522266686143674,0.6501828649622932,0.8073288939333111,0.5561721500676662,0.9185208884772385,0.8109409674136883,0.8258333415894197,0.7151359931015382,0.9447447719344133,0.9572116320274713,0.7806841175524726,0.043522266686143674,0.6501828649622932,0.8758319543368156,0.6872510905276321,0.9600038440481438,0.8969086657091734,0.9019748998743404,0.76983161076589,0.9597002425285215,0.9717315981017016,0.8323027720462317,0.11287170564738891,0.6659962631185627,0.9006049904113809,0.7886826480275255,0.9744322593990837,0.9287355807674098,0.9353563420747193,0.8070414402122527,0.9675705043375107,0.9769591851643042,0.8560379322396958,0.1216822416283243,0.6944203856751154,0.9106964776290365,0.8274537724230964,0.9807384692799452,0.9518669122944177,0.9478203930220346,0.8235246273693481,0.9685225508124056,0.9801747322570797,0.8750055799754399,0.13821924552184606,0.7008036397035613,0.920927481086478,0.8602621146125751,0.983881644533156,0.9604693903017587,0.95916162903589,0.834742800784019,0.9715535509595412,0.9857837269899647,0.8905419098536171,0.1776842024118903,0.7226065718262862,0.9262055802596585,0.8797149505647583,0.9852490519961137,0.9684566322478148,0.9649683715555959,0.8472764548665241,0.9759976363280742,0.9890002811629515,0.9040685885299222,0.1782466318064675,0.7226065718262862,0.9304073953387064,0.897365267465303,0.9871205171742972,0.9738319133200548,0.970061125626497,0.852870592857856,0.9774433045939368,0.9902716248443788,0.9183614672391016,0.1782466318064675,0.7459112824339269,0.9320697952496193,0.9034715701023615,0.9887759935294582,0.9782738047504544,0.9734416286632346,0.858626710321294,0.9815120153141308,0.9915217025759695,0.9287331420349769,0.1782466318064675,0.7459545259454621,0.9339365411776743,0.9124156432309043,0.9897754418699698,0.9826456504631054,0.976020693541404,0.8620761987960064,0.983266768773106,0.9919693884361394,0.9357880126723135,0.1861688801058221,0.7931614845944241,0.9381483557006973,0.9200749617953328,0.9906118640254604,0.9836129385167709,0.9777242864903002,0.8700526941110367,0.9859625248013622,0.9933800614891446,0.9426493065867323,0.34014111177011497,0.8337360389927095,0.9402124336848736,0.9324777498140939,0.9913770795128762,0.9846481867643497,0.979778980832819,0.8924363474249077,0.9868510732071236,0.9944365419829531,0.9458517763356085,0.34014111177011497,0.8527588641984156,0.9421043643883475,0.9421206790882266,0.9919322701872346,0.9862773868503893,0.9826141584004304,0.8965088226408845,0.8358436911042966
0.026164007020806547,0.006800978249732941,0.03872605750492739,41,2.6333765948735972e-05,0.198096205377653,0.015036453976000914,0.3661195032590225,,,,,,,,,,,,,,,,,,,,,,,,,,,,,,,,,,,,,,,,,,,,,,,,,,,,,,,,,,,,,,,,,,,,,,,,,,,,,,,,,,,,,,,,,,,,,,,,,,,,,,,,,,,,,,,,,,,,,,,,,,,,,,,,,,,,,
0.025724586412032693,0.006679399905763809,0.03809037302990702,42,2.0939763110979115e-05,0.19714507048293364,0.015025578323648944,0.36423898526729215,,,,,,,,,,,,,,,,,,,,,,,,,,,,,,,,,,,,,,,,,,,,,,,,,,,,,,,,,,,,,,,,,,,,,,,,,,,,,,,,,,,,,,,,,,,,,,,,,,,,,,,,,,,,,,,,,,,,,,,,,,,,,,,,,,,,,
0.025981367909768016,0.006735788983590085,0.03849115784573901,43,1.6122174621017823e-05,0.19816876564744954,0.015039016818710574,0.3662594985084283,,,,,,,,,,,,,,,,,,,,,,,,,,,,,,,,,,,,,,,,,,,,,,,,,,,,,,,,,,,,,,,,,,,,,,,,,,,,,,,,,,,,,,,,,,,,,,,,,,,,,,,,,,,,,,,,,,,,,,,,,,,,,,,,,,,,,
0.02549646824351283,0.006695912573172266,0.03760111127478827,44,1.1902516998535693e-05,0.19789990301499163,0.01512732299946222,0.3655451592853379,,,,,,,,,,,,,,,,,,,,,,,,,,,,,,,,,,,,,,,,,,,,,,,,,,,,,,,,,,,,,,,,,,,,,,,,,,,,,,,,,,,,,,,,,,,,,,,,,,,,,,,,,,,,,,,,,,,,,,,,,,,,,,,,,,,,,
0.025513612306271524,0.00664069672523738,0.03774583113670367,45,8.29963625881216e-06,0.19811166333717384,0.015055034662185907,0.36611325814789725,0.9158604228327585,0.9332348616104439,0.6938851342446912,0.03942072153345294,0.6566889916040841,0.8089314198862444,0.5502149891432135,0.9213836267356952,0.811976731396064,0.829235066193089,0.7160831965179737,0.944700995208632,0.9580279175310338,0.7791878601225415,0.03942072153345294,0.6566889916040841,0.8734365720734774,0.6865426720770155,0.9624063634542956,0.898259769529453,0.9036763927731437,0.770234825590713,0.9605985359666356,0.972286308604474,0.8356341248790446,0.10298652723544766,0.6713384878732889,0.8996916774097938,0.7757023682351374,0.9732727602067577,0.931232788374075,0.9339037260628178,0.8056647304847473,0.9674837675584786,0.9780742360087906,0.8569186022299942,0.11115728533738845,0.6991458027812882,0.9109326211393718,0.8145960413774416,0.980517675042428,0.9507089595737455,0.9453662729875383,0.8214901264036465,0.9687823090202698,0.9822872710790165,0.8779334410471691,0.12557910013218743,0.7156873582443843,0.9225185418260278,0.8471865574934725,0.9843595287889961,0.9618267700827445,0.9538238440741011,0.8339984721788369,0.9704532349966719,0.9863100267740528,0.8891181476149441,0.17262705563086667,0.7328903505676911,0.924784976431523,0.8688879125077995,0.9863583427723874,0.9687787089203042,0.9619402909839856,0.8462149047200226,0.9754506207198226,0.9885572516396515,0.9019528710990468,0.17262705563086667,0.7328903505676911,0.9300873282902611,0.8929316076016103,0.9881425752442858,0.9749808528032027,0.9677173895875022,0.852533790318394,0.9762932768868282,0.9895327458542305,0.9237928155097759,0.17262705563086667,0.7572253595397958,0.9325494808092234,0.9102354775320141,0.9898068693498594,0.9790535850027489,0.9721210250988293,0.8603237691214172,0.9790058586964676,0.9913837441106921,0.9321456520206581,0.17262705563086667,0.7572253595397958,0.9352418490153394,0.9184417501512279,0.9906044578951416,0.9824289344210442,0.9742343602322592,0.8633339021713493,0.9811925582935288,0.9926020934773341,0.9380746241670472,0.17433686978400798,0.8000024148839815,0.9390513961588347,0.9275348695092074,0.9914653259063257,0.983501401756719,0.976637399870798,0.8704398953807784,0.9830955357748863,0.9930100537550182,0.9481894169729905,0.33456719744830576,0.8238119444470091,0.9427691227527006,0.9366000456749841,0.9920139477694008,0.9856718293537163,0.9782767514067832,0.8918005845355795,0.9846829823087582,0.9934389356712181,0.9521101871489464,0.33456719744830576,0.8389133981988413,0.9437821148695207,0.9489475087900718,0.9924356907237737,0.9873513695317016,0.980018969619687,0.8956248354310825,0.8356452527378783
0.025343574319407564,0.006656547437343127,0.03737405375089516,46,5.329623741843511e-06,0.19764944739321585,0.014991639413973615,0.365315616289916,,,,,,,,,,,,,,,,,,,,,,,,,,,,,,,,,,,,,,,,,,,,,,,,,,,,,,,,,,,,,,,,,,,,,,,,,,,,,,,,,,,,,,,,,,,,,,,,,,,,,,,,,,,,,,,,,,,,,,,,,,,,,,,,,,,,,
0.025164196733385324,0.0065935371950094504,0.03714131909081257,47,3.005744244511986e-06,0.1978514569138717,0.015053547982597107,0.3655958170687707,,,,,,,,,,,,,,,,,,,,,,,,,,,,,,,,,,,,,,,,,,,,,,,,,,,,,,,,,,,,,,,,,,,,,,,,,,,,,,,,,,,,,,,,,,,,,,,,,,,,,,,,,,,,,,,,,,,,,,,,,,,,,,,,,,,,,
0.024891697499479785,0.006557999625680731,0.03666739571892506,48,1.3383767767829951e-06,0.19759926504830025,0.015023302472464979,0.3651519255825315,,,,,,,,,,,,,,,,,,,,,,,,,,,,,,,,,,,,,,,,,,,,,,,,,,,,,,,,,,,,,,,,,,,,,,,,,,,,,,,,,,,,,,,,,,,,,,,,,,,,,,,,,,,,,,,,,,,,,,,,,,,,,,,,,,,,,
0.02484888825764082,0.006601006244356116,0.03649576399817207,49,3.3496820652702527e-07,0.19775862157265275,0.015073510587838514,0.36537022239717515,,,,,,,,,,,,,,,,,,,,,,,,,,,,,,,,,,,,,,,,,,,,,,,,,,,,,,,,,,,,,,,,,,,,,,,,,,,,,,,,,,,,,,,,,,,,,,,,,,,,,,,,,,,,,,,,,,,,,,,,,,,,,,,,,,,,,
0.024980684228973708,0.006557664694871076,0.03684603906296692,50,0.0,0.19762146400678837,0.015046624713279041,0.3651496780260708,0.9183930986025808,0.9350627994716122,0.6956222208119764,0.04560591756490334,0.6606730056606838,0.8074827545417693,0.5617047769014372,0.91989644077284,0.8131815977883246,0.8289537837507535,0.7186576395866882,0.9471995756181668,0.9597239158339441,0.780240137917779,0.04560591756490334,0.6606730056606838,0.8767625588325778,0.6890842082251698,0.9611583194697317,0.895812305087847,0.9068813737038894,0.7723141317914692,0.9614076224668828,0.971642061674105,0.8357553347687121,0.12461768407414286,0.6746884615098612,0.8989933508121091,0.7727156906253176,0.9736613678012738,0.927893879548316,0.9340515534026945,0.8075427006683416,0.9677761764566011,0.9781501256352776,0.8570591727974346,0.1333282152160984,0.7011592840502932,0.9110601279066124,0.8120200470733385,0.9807249323136453,0.9474547863881391,0.9457762161776166,0.8234509084015057,0.9684255826051373,0.9828746802545645,0.8769138756381327,0.14676011605801698,0.7161286809943181,0.9219486690807788,0.8518660718149826,0.9837460874122748,0.9602487042314145,0.9550907202311905,0.8364003188320812,0.9704493666253171,0.9871281122354674,0.8879524585759313,0.18270298282671638,0.7227820162415757,0.9239807058761524,0.8775546299334129,0.9861446173474988,0.967505838296244,0.9633215528954047,0.8469522280853721,0.974609473589874,0.9882753208010975,0.9039505314743863,0.18270298282671638,0.7227820162415757,0.930091163823958,0.8917296614962362,0.9881067364965261,0.9747173504825497,0.9676773626983177,0.8524642599931237,0.9764434200205994,0.9897894872601363,0.9218023579388905,0.18270298282671638,0.7462881800217511,0.9318389351704486,0.909787396920569,0.9892730833564976,0.9776940585615144,0.9711823726380864,0.859680227471521,0.9787984788695674,0.9915607847076444,0.9327455786134546,0.18270298282671638,0.7462881800217511,0.9337365286215089,0.9202542052028377,0.9900002056893662,0.9813868664423815,0.9748432585952003,0.8632317069590428,0.9808637588962519,0.992676327514662,0.9368957135894433,0.1836752534477799,0.7983242010356943,0.9385031577149068,0.9259887121030239,0.9907013264115498,0.9829884055142379,0.9777810946704513,0.8708397950898001,0.9834768678617216,0.993144616159146,0.946296917210919,0.35564492896749167,0.8240728298446456,0.9410039896045586,0.9383224672734531,0.9915638826324304,0.9848108285325345,0.9801546250382209,0.8938491953125121,0.9843880869993455,0.9937535145201046,0.9479484451404758,0.35564492896749167,0.8376866979968689,0.9430329329461546,0.946949246772661,0.992169292174335,0.9863921349245324,0.981570875320827,0.8969536155762796,0.8368613939806449
